<?xml version="1.0" encoding="utf-8"?>
<VeinProtoSet xmlns:xsd="http://www.w3.org/2001/XMLSchema" xmlns:xsi="http://www.w3.org/2001/XMLSchema-instance">
  <name>VeinProtoSet</name>
  <hideFlags>None</hideFlags>
  <TableName>Vein</TableName>
  <dataArray>
    <VeinProto>
      <Name>铁矿脉</Name>
      <ID>1</ID>
      <SID>铁</SID>
      <name>铁矿脉</name>
      <sid>铁</sid>
      <IconPath>Icons/Vein/iron-vein</IconPath>
      <Description>I铁矿</Description>
      <ModelIndex>1</ModelIndex>
      <ModelCount>1</ModelCount>
      <CircleRadius>1</CircleRadius>
      <MiningItem>1001</MiningItem>
      <MiningTime>60</MiningTime>
      <MiningAudio>122</MiningAudio>
      <MiningEffect>21</MiningEffect>
      <MinerBaseModelIndex>58</MinerBaseModelIndex>
      <MinerCircleModelIndex>59</MinerCircleModelIndex>
    </VeinProto>
    <VeinProto>
      <Name>铜矿脉</Name>
      <ID>2</ID>
      <SID>铜</SID>
      <name>铜矿脉</name>
      <sid>铜</sid>
      <IconPath>Icons/Vein/copper-vein</IconPath>
      <Description>I铜矿</Description>
      <ModelIndex>1</ModelIndex>
      <ModelCount>1</ModelCount>
      <CircleRadius>1</CircleRadius>
      <MiningItem>1002</MiningItem>
      <MiningTime>60</MiningTime>
      <MiningAudio>122</MiningAudio>
      <MiningEffect>22</MiningEffect>
      <MinerBaseModelIndex>58</MinerBaseModelIndex>
      <MinerCircleModelIndex>59</MinerCircleModelIndex>
    </VeinProto>
    <VeinProto>
      <Name>硅矿脉</Name>
      <ID>3</ID>
      <SID>硅</SID>
      <name>硅矿脉</name>
      <sid>硅</sid>
      <IconPath>Icons/Vein/silicium-vein</IconPath>
      <Description>I硅石</Description>
      <ModelIndex>1</ModelIndex>
      <ModelCount>1</ModelCount>
      <CircleRadius>1</CircleRadius>
      <MiningItem>1003</MiningItem>
      <MiningTime>60</MiningTime>
      <MiningAudio>122</MiningAudio>
      <MiningEffect>23</MiningEffect>
      <MinerBaseModelIndex>58</MinerBaseModelIndex>
      <MinerCircleModelIndex>59</MinerCircleModelIndex>
    </VeinProto>
    <VeinProto>
      <Name>钛矿脉</Name>
      <ID>4</ID>
      <SID>钛</SID>
      <name>钛矿脉</name>
      <sid>钛</sid>
      <IconPath>Icons/Vein/titanium-vein</IconPath>
      <Description>I钛石</Description>
      <ModelIndex>1</ModelIndex>
      <ModelCount>1</ModelCount>
      <CircleRadius>1</CircleRadius>
      <MiningItem>1004</MiningItem>
      <MiningTime>90</MiningTime>
      <MiningAudio>122</MiningAudio>
      <MiningEffect>24</MiningEffect>
      <MinerBaseModelIndex>58</MinerBaseModelIndex>
      <MinerCircleModelIndex>59</MinerCircleModelIndex>
    </VeinProto>
    <VeinProto>
      <Name>石矿脉</Name>
      <ID>5</ID>
      <SID>石</SID>
      <name>石矿脉</name>
      <sid>石</sid>
      <IconPath>Icons/Vein/stone-vein</IconPath>
      <Description>I石矿</Description>
      <ModelIndex>2</ModelIndex>
      <ModelCount>1</ModelCount>
      <CircleRadius>1</CircleRadius>
      <MiningItem>1005</MiningItem>
      <MiningTime>45</MiningTime>
      <MiningAudio>122</MiningAudio>
      <MiningEffect>25</MiningEffect>
      <MinerBaseModelIndex>58</MinerBaseModelIndex>
      <MinerCircleModelIndex>59</MinerCircleModelIndex>
    </VeinProto>
    <VeinProto>
      <Name>煤矿脉</Name>
      <ID>6</ID>
      <SID>煤</SID>
      <name>煤矿脉</name>
      <sid>煤</sid>
      <IconPath>Icons/Vein/coal-vein</IconPath>
      <Description>I煤矿</Description>
      <ModelIndex>2</ModelIndex>
      <ModelCount>1</ModelCount>
      <CircleRadius>1</CircleRadius>
      <MiningItem>1006</MiningItem>
      <MiningTime>60</MiningTime>
      <MiningAudio>122</MiningAudio>
      <MiningEffect>26</MiningEffect>
      <MinerBaseModelIndex>58</MinerBaseModelIndex>
      <MinerCircleModelIndex>59</MinerCircleModelIndex>
    </VeinProto>
    <VeinProto>
      <Name>原油涌泉</Name>
      <ID>7</ID>
      <SID>油</SID>
      <name>原油涌泉</name>
      <sid>油</sid>
      <IconPath>Icons/Vein/oil-vein</IconPath>
      <Description>I原油</Description>
      <ModelIndex>6</ModelIndex>
      <ModelCount>1</ModelCount>
      <CircleRadius>1.5</CircleRadius>
      <MiningItem>1007</MiningItem>
      <MiningTime>60</MiningTime>
      <MiningAudio>122</MiningAudio>
      <MiningEffect>0</MiningEffect>
      <MinerBaseModelIndex>0</MinerBaseModelIndex>
      <MinerCircleModelIndex>0</MinerCircleModelIndex>
    </VeinProto>
    <VeinProto>
      <Name>可燃冰矿</Name>
      <ID>8</ID>
      <SID>燃</SID>
      <name>可燃冰矿</name>
      <sid>燃</sid>
      <IconPath>Icons/Vein/fireice-vein</IconPath>
      <Description>可燃冰描述</Description>
      <ModelIndex>2</ModelIndex>
      <ModelCount>1</ModelCount>
      <CircleRadius>1</CircleRadius>
      <MiningItem>1011</MiningItem>
      <MiningTime>120</MiningTime>
      <MiningAudio>122</MiningAudio>
      <MiningEffect>28</MiningEffect>
      <MinerBaseModelIndex>58</MinerBaseModelIndex>
      <MinerCircleModelIndex>59</MinerCircleModelIndex>
    </VeinProto>
    <VeinProto>
      <Name>金伯利矿</Name>
      <ID>9</ID>
      <SID>金</SID>
      <name>金伯利矿</name>
      <sid>金</sid>
      <IconPath>Icons/Vein/diamond-vein</IconPath>
      <Description>I金伯利矿石</Description>
      <ModelIndex>4</ModelIndex>
      <ModelCount>1</ModelCount>
      <CircleRadius>1</CircleRadius>
      <MiningItem>1012</MiningItem>
      <MiningTime>120</MiningTime>
      <MiningAudio>122</MiningAudio>
      <MiningEffect>29</MiningEffect>
      <MinerBaseModelIndex>58</MinerBaseModelIndex>
      <MinerCircleModelIndex>59</MinerCircleModelIndex>
    </VeinProto>
    <VeinProto>
      <Name>分形硅矿</Name>
      <ID>10</ID>
      <SID>分</SID>
      <name>分形硅矿</name>
      <sid>分</sid>
      <IconPath>Icons/Vein/fractal-vein</IconPath>
      <Description>I分形硅石</Description>
      <ModelIndex>4</ModelIndex>
      <ModelCount>1</ModelCount>
      <CircleRadius>1</CircleRadius>
      <MiningItem>1013</MiningItem>
      <MiningTime>120</MiningTime>
      <MiningAudio>122</MiningAudio>
      <MiningEffect>30</MiningEffect>
      <MinerBaseModelIndex>58</MinerBaseModelIndex>
      <MinerCircleModelIndex>59</MinerCircleModelIndex>
    </VeinProto>
    <VeinProto>
      <Name>有机晶体矿</Name>
      <ID>11</ID>
      <SID>胶</SID>
      <name>有机晶体矿</name>
      <sid>胶</sid>
      <IconPath>Icons/Vein/crysrub-vein</IconPath>
      <Description>有机晶体矿描述</Description>
      <ModelIndex>7</ModelIndex>
      <ModelCount>1</ModelCount>
      <CircleRadius>1</CircleRadius>
      <MiningItem>1117</MiningItem>
      <MiningTime>120</MiningTime>
      <MiningAudio>122</MiningAudio>
      <MiningEffect>31</MiningEffect>
      <MinerBaseModelIndex>58</MinerBaseModelIndex>
      <MinerCircleModelIndex>59</MinerCircleModelIndex>
    </VeinProto>
    <VeinProto>
      <Name>光栅石矿</Name>
      <ID>12</ID>
      <SID>光</SID>
      <name>光栅石矿</name>
      <sid>光</sid>
      <IconPath>Icons/Vein/grat-vein</IconPath>
      <Description>I光栅石</Description>
      <ModelIndex>7</ModelIndex>
      <ModelCount>1</ModelCount>
      <CircleRadius>1</CircleRadius>
      <MiningItem>1014</MiningItem>
      <MiningTime>120</MiningTime>
      <MiningAudio>122</MiningAudio>
      <MiningEffect>32</MiningEffect>
      <MinerBaseModelIndex>58</MinerBaseModelIndex>
      <MinerCircleModelIndex>59</MinerCircleModelIndex>
    </VeinProto>
    <VeinProto>
      <Name>刺笋矿脉</Name>
      <ID>13</ID>
      <SID>笋</SID>
      <name>刺笋矿脉</name>
      <sid>笋</sid>
      <IconPath>Icons/Vein/bamboo-vein</IconPath>
      <Description>I刺笋结晶</Description>
      <ModelIndex>3</ModelIndex>
      <ModelCount>1</ModelCount>
      <CircleRadius>1</CircleRadius>
      <MiningItem>1015</MiningItem>
      <MiningTime>120</MiningTime>
      <MiningAudio>122</MiningAudio>
      <MiningEffect>33</MiningEffect>
      <MinerBaseModelIndex>58</MinerBaseModelIndex>
      <MinerCircleModelIndex>59</MinerCircleModelIndex>
    </VeinProto>
    <VeinProto>
      <Name>单极磁矿</Name>
      <ID>14</ID>
      <SID>磁</SID>
      <name>单极磁矿</name>
      <sid>磁</sid>
      <IconPath>Icons/Vein/mag-vein</IconPath>
      <Description>I单极磁石</Description>
      <ModelIndex>5</ModelIndex>
      <ModelCount>1</ModelCount>
      <CircleRadius>1</CircleRadius>
      <MiningItem>1016</MiningItem>
      <MiningTime>120</MiningTime>
      <MiningAudio>122</MiningAudio>
      <MiningEffect>34</MiningEffect>
      <MinerBaseModelIndex>58</MinerBaseModelIndex>
      <MinerCircleModelIndex>59</MinerCircleModelIndex>
    </VeinProto>
  </dataArray>
</VeinProtoSet>